Ingredient,Ingredient_ID
Abm,0
Absolut,1
Accent,2
Achiote,3
Acorn,4
Added,5
Adobo,6
Advieh,7
Africa,8
Agave,9
Ahead,10
Aioli,11
Aka,12
Alfredo,13
All,14
Allspice,15
Almond,16
Alpine,17
Amaretto,18
Amarula,19
American,20
Amish,21
And,22
Anejo,23
Angel,24
Anglaise,25
Angostura,26
Anjou,27
Another,28
Any,29
Anything,30
Appenzeller,31
Apple,32
Apples,33
Arabian,34
Arabic,35
Archer,36
Arhar,37
Aromatic,38
Art,39
Artisan,40
Asian,41
Asparagus,42
Aunt,43
Authentic,44
Avocado,45
BBQ,46
Bacardi,47
Bacon,48
Baguette,49
Baharat,50
Baileys,51
Bake,52
Baked,53
Baker,54
Bakery,55
Baking,56
Balls,57
Balsamic,58
Banana,59
Bang,60
Barbecue,61
Barbecued,62
Barbeque,63
Barilla,64
Barrel,65
Bars,66
Bartender,67
Base,68
Basic,69
Basil,70
Batter,71
Bay,72
Bayou,73
Beam,74
Bean,75
Beans,76
Bearnaise,77
Beaters,78
Beef,79
Beer,80
Bek,81
Belgian,82
Believe,83
Bell,84
Ben,85
Bens,86
Berbere,87
Bergie,88
Best,89
Better,90
Big,91
Bill,92
Birthday,93
Biscuit,94
Biscuits,95
Bisquick,96
Bits,97
Black,98
Blackberry,99
Blackening,100
Blast,101
Blend,102
Blender,103
Bleu,104
Bliss,105
Blue,106
Blueberry,107
Bobbie,108
Boca,109
Boil,110
Boiled,111
Bomb,112
Bone,113
Bouillon,114
Bouquet,115
Bourbon,116
Bowls,117
Braised,118
Bran,119
Bread,120
Breadcrumb,121
Breadcrumbs,122
Breading,123
Breadsticks,124
Breasts,125
Brien,126
Brine,127
Brioche,128
Brisee,129
Broccoflower,130
Broth,131
Brown,132
Brownie,133
Brownies,134
Brussels,135
Bud,136
Buddha,137
Budget,138
Budweiser,139
Bulgar,140
Bulk,141
Buns,142
Burger,143
Burgers,144
Burgundy,145
Burritos,146
Butter,147
Butterball,148
Buttercream,149
Buttermilk,150
Butternut,151
Buttery,152
Cabbage,153
Cacao,154
Caesar,155
Cajun,156
Cake,157
Cakes,158
California,159
Campbell,160
Can,161
Canada,162
Canadian,163
Candied,164
Candy,165
Cannelloni,166
Captain,167
Caramel,168
Caramelized,169
Carb,170
Caribbean,171
Carmelized,172
Carnation,173
Carnitas,174
Casa,175
Cashew,176
Catalina,177
Cauliflower,178
Cento,179
Challah,180
Cham,181
Chambord,182
Cheater,183
Cheddar,184
Cheese,185
Cheesecake,186
Cheesy,187
Chef,188
Cherries,189
Cherry,190
Chiarello,191
Chicago,192
Chicken,193
Chile,194
Chili,195
Chimichurri,196
Chinese,197
Chinkiang,198
Chipotle,199
Chipotles,200
Chips,201
Chocolate,202
Chops,203
Chorizo,204
Chunky,205
Chutney,206
Cilantro,207
Cinnamon,208
Citrus,209
Classic,210
Classico,211
Clean,212
Clone,213
Cocktail,214
Coconut,215
Coffee,216
Cointreau,217
Coleman,218
Coleslaw,219
Colombian,220
Colonel,221
Compote,222
Compound,223
Concentrate,224
Condensed,225
Confit,226
Contadina,227
Cook,228
Cooked,229
Cooker,230
Cookie,231
Cookies,232
Cool,233
Coors,234
Copha,235
Copycat,236
Coriander,237
Corn,238
Cornbread,239
Corona,240
Cotija,241
Country,242
Cracker,243
Crackers,244
Cranberry,245
Cream,246
Creamy,247
Crema,248
Creme,249
Creole,250
Crepe,251
Crepes,252
Crescent,253
Crisco,254
Crispy,255
Crock,256
Croutons,257
Crumb,258
Crumbs,259
Crunchy,260
Crushed,261
Crust,262
Crystallized,263
Cuban,264
Cucumber,265
Curacao,266
Curd,267
Curry,268
Custard,269
DOLE,270
Dad,271
Dairy,272
Daisy,273
Dal,274
Dang,275
Danish,276
Dark,277
Date,278
Day,279
Deen,280
Deep,281
Del,282
DelMonte,283
Deli,284
Delicious,285
Dessert,286
Diabetic,287
Diabetics,288
Diamond,289
Diet,290
Dijon,291
Dill,292
Dinner,293
Dip,294
Dipping,295
Dish,296
Dog,297
Don,298
Dorie,299
Dough,300
Down,301
Dressing,302
Dried,303
Drunken,304
Dry,305
Dukka,306
Dulce,307
Dumplings,308
Dust,309
Easiest,310
East,311
Easy,312
Eating,313
Egg,314
Eggs,315
Egyptian,316
Emeril,317
Emirati,318
Enchilada,319
Enchiladas,320
End,321
Ener,322
England,323
English,324
Enhancer,325
Equal,326
Essence,327
Essential,328
Etc,329
Ethiopian,330
European,331
Evaporated,332
Ever,333
Fail,334
Fajita,335
Famous,336
Fantabulous,337
Fantabulously,338
Fantastic,339
Farm,340
Farmer,341
Farms,342
Fashioned,343
Fat,344
Faux,345
Favorite,346
Favorites,347
Fennel,348
Feta,349
Fiesta,350
Filling,351
Fillings,352
Filomena,353
Fish,354
Five,355
Flakes,356
Flaky,357
Flank,358
Flatbreads,359
Flavor,360
Flavored,361
Flavour,362
Flax,363
Fleischmann,364
Flour,365
Focaccia,366
Foie,367
Fontina,368
Food,369
Foods,370
For,371
Fraiche,372
Free,373
Freezer,374
French,375
Fresca,376
Fresh,377
Fried,378
Friendly,379
Friendship,380
Frosting,381
Frozen,382
Fruit,383
Fruited,384
Fudge,385
Gallo,386
Ganache,387
Garam,388
Garden,389
Garlic,390
Garni,391
Gebhardt,392
German,393
Giant,394
Giardiniera,395
Giblet,396
Ginger,397
Gingerbread,398
Glaze,399
Glazed,400
Glazes,401
Gloucester,402
Gluten,403
Gold,404
Golden,405
Good,406
Got,407
Graham,408
Grahams,409
Gram,410
Grand,411
Granola,412
Grapefruit,413
Gras,414
Gravy,415
Great,416
Greek,417
Green,418
Greenspan,419
Grey,420
Grill,421
Grilled,422
Ground,423
Guacamole,424
Guilt,425
Gulf,426
Gumbo,427
Gusto,428
Habanero,429
Haiti,430
Halal,431
Hamburger,432
Hamentaschen,433
Hanout,434
Hard,435
Harissa,436
Harry,437
Hass,438
Hazan,439
Healthy,440
Heineken,441
Heinz,442
Hell,443
Hellmann,444
Hellmanns,445
Herb,446
Herbal,447
Herbed,448
Herbes,449
Herbs,450
Herbsaint,451
Herdez,452
High,453
Hoisin,454
Holiday,455
Hollandaise,456
Home,457
Homemade,458
Honey,459
Hood,460
Horseradish,461
Hot,462
Hour,463
House,464
How,465
Hreesa,466
Hummus,467
Hungarian,468
Hungry,469
Hunt,470
Hunts,471
Ibzar,472
Ice,473
Icing,474
Idiot,475
Incredible,476
Indian,477
Infused,478
Instant,479
Iraqi,480
Irish,481
Island,482
Italian,483
Jack,484
Jalapeno,485
Jalapenos,486
Jam,487
Jamaica,488
Jamaican,489
Jane,490
Japanese,491
Jell,492
Jello,493
Jelly,494
Jerk,495
Jerry,496
Jim,497
Joes,498
John,499
Johnny,500
Jon,501
Juice,502
Julia,503
KFC,504
Kabsa,505
Kahlua,506
Kalamata,507
Kama,508
Karo,509
Keen,510
Ketchup,511
Ketjap,512
Keto,513
Kick,514
Kikkoman,515
Kitchen,516
Kittencal,517
Knead,518
Knorr,519
Kraft,520
Krazy,521
Labanee,522
Lace,523
Ladyfingers,524
Lagasse,525
Lakes,526
Land,527
Las,528
Lasagna,529
Laurel,530
Lavender,531
Lawry,532
Layer,533
Lea,534
Leaves,535
Lebanon,536
Leche,537
Lemon,538
Lemonade,539
Lemons,540
Libby,541
Light,542
Like,543
Limburger,544
Lime,545
Linda,546
Lipton,547
Liqueur,548
Lite,549
Living,550
Loomi,551
Lots,552
Louie,553
Low,554
MINUTE,555
Machaca,556
Machine,557
Made,558
Madras,559
Magic,560
Magnolia,561
Mahi,562
Major,563
Make,564
Making,565
Malibu,566
Mama,567
Mango,568
Manicotti,569
Manis,570
Maple,571
Marcela,572
Marcella,573
Marinade,574
Marinara,575
Marinated,576
Marmalade,577
Marnier,578
Martha,579
Martinez,580
Masala,581
Mashed,582
Massoni,583
Master,584
Masterpiece,585
Matzo,586
Maxine,587
Mayonnaise,588
Mazola,589
McCormick,590
Meal,591
Mean,592
Meat,593
Meatballs,594
Meatloaf,595
Meats,596
Medal,597
Mediterranean,598
Medium,599
Melt,600
Melted,601
Meringue,602
Method,603
Methods,604
Mex,605
Mexican,606
Meyer,607
Michael,608
Microwave,609
Middle,610
Milk,611
Milkmoon,612
Milnot,613
Minado,614
Mincemeat,615
Mini,616
Mint,617
Minute,618
Miracle,619
Mist,620
Mix,621
Mixed,622
Mixer,623
Mixture,624
Mocha,625
Mock,626
Mom,627
Monte,628
More,629
Morgan,630
Mori,631
Morningstar,632
Moroccan,633
Morton,634
Most,635
Mountain,636
Mousse,637
Mouth,638
Mozzarella,639
Mucho,640
Muddled,641
Muesli,642
Muffins,643
Muscadine,644
Mushroom,645
Mushrooms,646
Mustard,647
Naan,648
Napa,649
Nature,650
Neapolitan,651
Neely,652
Neighborhood,653
Neo,654
Nestle,655
New,656
Nido,657
Nif,658
Niter,659
Noilly,660
Non,661
Nonfat,662
Noodles,663
North,664
Not,665
Nuoc,666
Nut,667
Nutrasweet,668
Nutritious,669
OAMC,670
Oamc,671
Oatmeal,672
Oats,673
Ocean,674
Oil,675
Old,676
Olive,677
Onion,678
Onions,679
Oops,680
Open,681
Option,682
Orange,683
Oreo,684
Original,685
Originals,686
Ortega,687
Oven,688
Own,689
Palestine,690
Palmas,691
Pam,692
Pan,693
Pancakes,694
Panch,695
Panini,696
Panko,697
Papa,698
Parma,699
Parmesan,700
Parrot,701
Parsley,702
Party,703
Pasta,704
Paste,705
Pastis,706
Pastry,707
Pate,708
Patties,709
Paula,710
Pea,711
Peach,712
Peaches,713
Peachy,714
Peanut,715
Pearl,716
Pecan,717
Pecans,718
Peel,719
Peezy,720
Peppadew,721
Pepper,722
Pepperidge,723
Peppers,724
Perfect,725
Perfectly,726
Peri,727
Pernod,728
Perrins,729
Persian,730
Pesto,731
Pet,732
Philadelphia,733
Phoran,734
Photo,735
Pickle,736
Pickled,737
Pickles,738
Picklese,739
Pico,740
Pie,741
Piecrust,742
Pies,743
Pigeon,744
Pikliz,745
Pimento,746
Pineapple,747
Piri,748
Pisco,749
Pit,750
Pita,751
Pizza,752
Planters,753
Plum,754
Poached,755
Polish,756
Pomegranate,757
Ponzu,758
Poppy,759
Pork,760
Pot,761
Potato,762
Potatoes,763
Potter,764
Poultry,765
Pound,766
Poupon,767
Powder,768
Powdered,769
Pralines,770
Prat,771
Preserved,772
Pressure,773
Pretzels,774
Processor,775
Proof,776
Prosciutto,777
Provence,778
Prudhomme,779
Pudding,780
Puerto,781
Puff,782
Pumpkin,783
Puree,784
Pureed,785
Purpose,786
Quaker,787
Quark,788
Quick,789
Quicker,790
Quinoa,791
Quorn,792
Ragu,793
Ranch,794
Ras,795
Raspberry,796
Raw,797
ReaLemon,798
ReaLime,799
Ready,800
Real,801
Recipe,802
Red,803
Refried,804
Regular,805
Relish,806
Remoulade,807
Reuben,808
Rhubarb,809
Rib,810
Ribs,811
Rican,812
Ricard,813
Rice,814
Rich,815
Ricotta,816
Rising,817
Roast,818
Roasted,819
Robin,820
Rock,821
Rojo,822
Roll,823
Rolls,824
Roni,825
Room,826
Roquefort,827
Rose,828
Rosemary,829
Rotel,830
Roux,831
Roxstarbakes,832
Rub,833
Rum,834
Russian,835
Rustic,836
Rye,837
Saffron,838
Sage,839
Salad,840
Salads,841
Salmon,842
Salsa,843
Salt,844
Salvadorean,845
Sandwich,846
Sandwiches,847
Sauce,848
Sauces,849
Saudi,850
Sauerkraut,851
Sausage,852
Sauteed,853
Savoiardi,854
Savory,855
Scented,856
Sea,857
Seafood,858
Search,859
Season,860
Seasoned,861
Seasoning,862
Seaweed,863
Seed,864
Seeds,865
Self,866
Seriously,867
Sesame,868
Shake,869
Shallots,870
Shell,871
Shellfish,872
Shells,873
Shortbread,874
Shortening,875
Shredded,876
Shrimp,877
Silk,878
Simple,879
Simplest,880
Slaw,881
Sloppy,882
Smoked,883
Smokey,884
Smoky,885
Smooth,886
Sneaky,887
Soda,888
Sodium,889
Sofrito,890
Soft,891
Soup,892
Sour,893
Sourdough,894
Soused,895
South,896
Southeast,897
Southern,898
Southwest,899
Soy,900
Soymilk,901
Spaghetti,902
Spanish,903
Special,904
Specialty,905
Spice,906
Spiced,907
Spices,908
Spicy,909
Splenda,910
Spray,911
Spread,912
Spring,913
Squash,914
Sriracha,915
Star,916
Starkist,917
Starter,918
Starters,919
Steak,920
Step,921
Stilton,922
Stock,923
Stolichnaya,924
Stove,925
Strawberry,926
Stuffing,927
Style,928
Substitute,929
Substitutes,930
Success,931
Sugar,932
Sun,933
Super,934
Supreme,935
Sushi,936
Swans,937
Swanson,938
Swedish,939
Sweet,940
Sweetened,941
Swiss,942
Syrup,943
Syrups,944
TABASCO,945
Tabasco,946
Tabil,947
Taco,948
Tacos,949
Tahini,950
Take,951
Tamales,952
Tangy,953
Tapenade,954
Tarragon,955
Tart,956
Tartar,957
Tasty,958
Tea,959
Teddy,960
Tel,961
Tempeh,962
Tender,963
Tenderloin,964
Teriyaki,965
Tex,966
Texas,967
Thai,968
The,969
Thermomix,970
Thick,971
Thin,972
Things,973
Thousand,974
Three,975
Thyme,976
Times,977
Toast,978
Toasted,979
Tofu,980
Tomatillo,981
Tomato,982
Tomatoes,983
Tony,984
Toovar,985
Top,986
Topping,987
Tortilla,988
Tortillas,989
Toss,990
Traditional,991
Tunisian,992
Turkey,993
Tuscan,994
Tutorial,995
Twin,996
Two,997
Tzatziki,998
Ultimate,999
Umami,1000
Uncle,1001
Under,1002
Urad,1003
Valley,1004
Vanilla,1005
Variations,1006
Vegan,1007
Vegetable,1008
Vegetables,1009
Vegetarian,1010
Veggie,1011
Veggies,1012
Velveeta,1013
Verbena,1014
Verde,1015
Vermont,1016
Versatile,1017
Very,1018
Vietnamese,1019
Vinaigrette,1020
Vinegar,1021
Vodka,1022
Walnut,1023
Walnuts,1024
Warm,1025
Water,1026
Weetabix,1027
Welsh,1028
Wensleydale,1029
Westphalian,1030
Wheat,1031
Whip,1032
Whipped,1033
White,1034
Whiz,1035
Whole,1036
Wild,1037
Wine,1038
Winter,1039
With,1040
Wonder,1041
Wonderful,1042
Wondra,1043
Worcestershire,1044
World,1045
Wrap,1046
Wrapper,1047
XXXX,1048
Yeast,1049
Yellow,1050
Yogurt,1051
York,1052
Your,1053
Yummy,1054
Zatarians,1055
Zest,1056
Zesty,1057
Zinfandel,1058
Zucchini,1059
abalone,1060
absinthe,1061
achar,1062
achiote,1063
acini,1064
acirc,1065
acorn,1066
acting,1067
action,1068
active,1069
added,1070
adobo,1071
adzuki,1072
agar,1073
aged,1074
ahi,1075
aioli,1076
ajinomoto,1077
ajwain,1078
albacore,1079
alcoholic,1080
ale,1081
aleppo,1082
alfalfa,1083
alfredo,1084
alize,1085
all,1086
alligator,1087
allspice,1088
almond,1089
alphabet,1090
alphonso,1091
alum,1092
amaranth,1093
amarena,1094
amaretti,1095
amaretto,1096
amber,1097
amchoor,1098
amchur,1099
american,1100
amp,1101
anaheim,1102
ancho,1103
anchovies,1104
anchovy,1105
and,1106
andouille,1107
anejo,1108
angel,1109
angelica,1110
anise,1111
anisette,1112
ann,1113
annatto,1114
anne,1115
another,1116
apple,1117
apples,1118
applesauce,1119
apricot,1120
apricots,1121
aquavit,1122
arabic,1123
arbol,1124
arborio,1125
argan,1126
armagnac,1127
arrack,1128
arrowroot,1129
artichoke,1130
artichokes,1131
artificial,1132
arugula,1133
asadero,1134
asafoetida,1135
asiago,1136
asparagus,1137
aspic,1138
assorted,1139
atar,1140
atlantic,1141
aubergine,1142
aubergines,1143
avocado,1144
avocadoes,1145
avocados,1146
azuki,1147
baba,1148
baby,1149
back,1150
backs,1151
backstraps,1152
bacon,1153
bag,1154
bagel,1155
bagels,1156
bagoong,1157
bags,1158
baguette,1159
baguettes,1160
baharat,1161
baked,1162
baker,1163
baking,1164
ball,1165
balls,1166
balm,1167
balsamic,1168
bamboo,1169
banana,1170
bananas,1171
bangers,1172
bar,1173
barbecue,1174
barbecued,1175
barberries,1176
bark,1177
barley,1178
bars,1179
bartlett,1180
base,1181
basil,1182
basmati,1183
bass,1184
bay,1185
bean,1186
beans,1187
bear,1188
beaten,1189
bechamel,1190
beef,1191
beefsteak,1192
beer,1193
beet,1194
beetroot,1195
beetroots,1196
beets,1197
bel,1198
bell,1199
berbere,1200
bermuda,1201
berries,1202
berry,1203
besan,1204
best,1205
better,1206
bibb,1207
bicarbonate,1208
bing,1209
bird,1210
biscuit,1211
biscuits,1212
bisque,1213
bisquick,1214
bite,1215
bits,1216
bitter,1217
bittersweet,1218
blachan,1219
black,1220
blackberrie,1221
blackberries,1222
blackberry,1223
blackstrap,1224
blade,1225
blades,1226
blanco,1227
bleached,1228
blend,1229
blended,1230
bleu,1231
blood,1232
blossom,1233
blossoms,1234
blue,1235
blueberries,1236
blueberry,1237
bocconcini,1238
bock,1239
bodied,1240
boil,1241
boiled,1242
boiling,1243
bok,1244
bologna,1245
bone,1246
boned,1247
boneless,1248
bones,1249
bonito,1250
bonnet,1251
borage,1252
borlotti,1253
borscht,1254
bosc,1255
boston,1256
bottled,1257
bottlegourd,1258
bottom,1259
bottoms,1260
boudoir,1261
bouillon,1262
bouquet,1263
bourbon,1264
boursin,1265
bow,1266
braeburn,1267
brand,1268
brandy,1269
braunschweiger,1270
brazil,1271
bread,1272
breadcrumbs,1273
breadfruit,1274
breakfast,1275
breast,1276
breasts,1277
bresaola,1278
brewed,1279
brewer,1280
brick,1281
brine,1282
brisket,1283
briskets,1284
broad,1285
broccoli,1286
broil,1287
broiler,1288
broth,1289
brown,1290
brownie,1291
browns,1292
bruschetta,1293
bucatini,1294
buckwheat,1295
buds,1296
buffalo,1297
bulb,1298
bulbs,1299
bulgur,1300
bulk,1301
burata,1302
burger,1303
burgers,1304
burrito,1305
butter,1306
butterflied,1307
buttermilk,1308
butterscotch,1309
button,1310
cabbage,1311
cabrales,1312
cachaca,1313
caciocavallo,1314
cactus,1315
caerphilly,1316
caesar,1317
cajun,1318
cake,1319
cakes,1320
calabaza,1321
calf,1322
california,1323
calimyrna,1324
calorie,1325
calrose,1326
calvados,1327
camembert,1328
cameo,1329
campanelle,1330
campden,1331
candied,1332
candy,1333
canned,1334
cannellini,1335
canning,1336
canola,1337
cantal,1338
cantaloupe,1339
cantaloupes,1340
cap,1341
capacola,1342
cape,1343
caper,1344
caperberries,1345
capers,1346
cappelletti,1347
caps,1348
capsicum,1349
capsicums,1350
carambola,1351
carambolas,1352
caramel,1353
caraway,1354
carb,1355
carbonated,1356
carcass,1357
cardamom,1358
cardamoms,1359
carnaroli,1360
carob,1361
carrot,1362
carrots,1363
casaba,1364
cashew,1365
cashews,1366
cassava,1367
cassis,1368
caster,1369
catfish,1370
catsup,1371
caul,1372
cauliflower,1373
cavatappi,1374
caviar,1375
cayenne,1376
celeriac,1377
celery,1378
cellophane,1379
center,1380
cereal,1381
chai,1382
chamel,1383
champagne,1384
champignon,1385
channa,1386
chard,1387
chat,1388
chayote,1389
chayotes,1390
cheddar,1391
cheese,1392
cheesecake,1393
cheeses,1394
cheesy,1395
cherimoya,1396
cherries,1397
cherry,1398
cherrystone,1399
chervil,1400
cheshire,1401
chestnut,1402
chestnuts,1403
chick,1404
chicken,1405
chickens,1406
chickpea,1407
chickpeas,1408
chicory,1409
chihuahua,1410
chile,1411
chiles,1412
chili,1413
chilie,1414
chilies,1415
chilis,1416
chimayo,1417
chinese,1418
chip,1419
chipotle,1420
chips,1421
chive,1422
chives,1423
chocolate,1424
choi,1425
choice,1426
chop,1427
chopped,1428
chops,1429
chorizo,1430
chowder,1431
choy,1432
christophene,1433
chuck,1434
chunk,1435
chunks,1436
chunky,1437
chutney,1438
cider,1439
cilantro,1440
cinnamon,1441
citron,1442
citrus,1443
clam,1444
clams,1445
clear,1446
clementine,1447
clementines,1448
clove,1449
cloves,1450
coarse,1451
cocktail,1452
cocoa,1453
coconut,1454
coconut_milk,1455
cod,1456
codfish,1457
coffee,1458
cognac,1459
colby,1460
cold,1461
coleslaw,1462
color,1463
colored,1464
comice,1465
comino,1466
commercial,1467
compressed,1468
comte,1469
con,1470
concentrate,1471
concord,1472
condensed,1473
cone,1474
cones,1475
confectioners,1476
confit,1477
converted,1478
cooked,1479
cookie,1480
cookies,1481
cooking,1482
cool,1483
coriander,1484
corkscrew,1485
corn,1486
cornbread,1487
corned,1488
cornflour,1489
cornmeal,1490
cornstarch,1491
cos,1492
cottage,1493
country,1494
courgette,1495
courgettes,1496
court,1497
couscous,1498
covered,1499
crab,1500
crabmeat,1501
crabs,1502
cracked,1503
cracker,1504
crackers,1505
craisin,1506
craisins,1507
cranberries,1508
cranberry,1509
crawfish,1510
crayfish,1511
crazy,1512
cream,1513
creamed,1514
creamy,1515
creme,1516
cremini,1517
crenshaw,1518
creole,1519
crisp,1520
crocodile,1521
crouton,1522
croutons,1523
crumb,1524
crumbles,1525
crumbs,1526
crunch,1527
crunchy,1528
crushed,1529
crust,1530
crusts,1531
crystallized,1532
crystals,1533
cubanelle,1534
cube,1535
cubed,1536
cubes,1537
cucumber,1538
cucumbers,1539
cucuzza,1540
culantro,1541
cultured,1542
cumin,1543
cup,1544
cups,1545
curacao,1546
curd,1547
cured,1548
curing,1549
curls,1550
curly,1551
currant,1552
currants,1553
curry,1554
custard,1555
cut,1556
cutlet,1557
cutlets,1558
cuts,1559
cuttlefish,1560
daikon,1561
dairy,1562
dal,1563
danish,1564
dark,1565
date,1566
dates,1567
decaffeinated,1568
deli,1569
delicious,1570
demerara,1571
demi,1572
derby,1573
desired,1574
dessert,1575
devil,1576
diced,1577
diet,1578
dijon,1579
dill,1580
dinner,1581
dip,1582
distilled,1583
ditali,1584
dogs,1585
dolce,1586
dolcelatte,1587
double,1588
dough,1589
dragees,1590
dried,1591
drink,1592
drippings,1593
drumstick,1594
drumsticks,1595
dry,1596
duck,1597
duckling,1598
ducklings,1599
ducks,1600
dulce,1601
durian,1602
dutch,1603
eacute,1604
eau,1605
edam,1606
edamame,1607
eel,1608
egg,1609
eggnog,1610
eggplant,1611
eggplants,1612
eggs,1613
eggshells,1614
elbow,1615
elbows,1616
elderberries,1617
elderberry,1618
elderflower,1619
elephant,1620
enchilada,1621
endive,1622
endives,1623
energizer,1624
england,1625
english,1626
enriched,1627
epazote,1628
erythritol,1629
escalopes,1630
escarole,1631
espresso,1632
essence,1633
evaporated,1634
extra,1635
extract,1636
eye,1637
eyed,1638
falafel,1639
falernum,1640
farfalle,1641
farina,1642
farmer,1643
fashioned,1644
fast,1645
fat,1646
fatty,1647
fava,1648
featherweight,1649
feet,1650
feijoas,1651
fennel,1652
fenugreek,1653
fermented,1654
festival,1655
feta,1656
fettuccine,1657
fig,1658
figs,1659
file,1660
filet,1661
filets,1662
fillet,1663
fillets,1664
filling,1665
filo,1666
filter,1667
fin,1668
fine,1669
finely,1670
finger,1671
fingerling,1672
fingers,1673
fire,1674
firm,1675
first,1676
fish,1677
five,1678
fixins,1679
flageolet,1680
flake,1681
flaked,1682
flakes,1683
flank,1684
flat,1685
flavor,1686
flavored,1687
flavoring,1688
flax,1689
flesh,1690
fleur,1691
floret,1692
florets,1693
florida,1694
flounder,1695
flour,1696
floury,1697
flower,1698
flowers,1699
focaccia,1700
foie,1701
fontina,1702
food,1703
for,1704
fraiche,1705
framboise,1706
free,1707
french,1708
fresca,1709
fresco,1710
fresh,1711
fried,1712
fries,1713
frisee,1714
from,1715
frozen,1716
fructose,1717
fruit,1718
fruits,1719
fryer,1720
frying,1721
fudge,1722
fuji,1723
full,1724
fumet,1725
funghi,1726
fuyu,1727
gala,1728
galanga,1729
galangal,1730
galia,1731
gallo,1732
ganache,1733
garam,1734
garbanzo,1735
garcia,1736
garlic,1737
garni,1738
gelatin,1739
gem,1740
gemelli,1741
general,1742
germ,1743
german,1744
ghanoush,1745
ghee,1746
gherkin,1747
giant,1748
giblets,1749
ginger,1750
gingerroot,1751
ginkgo,1752
gizzard,1753
gizzards,1754
glace,1755
globe,1756
glutamate,1757
gluten,1758
glutinous,1759
gold,1760
golden,1761
good,1762
goose,1763
gooseberries,1764
gooseberry,1765
gorgonzola,1766
gouda,1767
gourmet,1768
goya,1769
grade,1770
graham,1771
grain,1772
grains,1773
grainy,1774
gram,1775
granadilla,1776
granny,1777
granola,1778
granular,1779
granulated,1780
granule,1781
granules,1782
grape,1783
grapefruit,1784
grapefruits,1785
grapes,1786
gras,1787
grass,1788
gratin,1789
gravenstein,1790
gravy,1791
grease,1792
great,1793
green,1794
greens,1795
grillers,1796
grind,1797
grits,1798
groats,1799
ground,1800
groundnuts,1801
grouper,1802
gruyere,1803
guar,1804
guava,1805
guavas,1806
gum,1807
gumbo,1808
gur,1809
habanero,1810
habaneros,1811
haddock,1812
hair,1813
haldi,1814
half,1815
halibut,1816
halloumi,1817
halve,1818
halves,1819
ham,1820
hamburger,1821
hanout,1822
hard,1823
haricot,1824
harina,1825
harissa,1826
harusame,1827
hash,1828
havarti,1829
hawaiian,1830
hazelnut,1831
hazelnuts,1832
head,1833
heads,1834
heart,1835
hearts,1836
heather,1837
heavy,1838
herb,1839
herbal,1840
herbed,1841
herbs,1842
herring,1843
herrings,1844
hickory,1845
high,1846
hindquarters,1847
hing,1848
hock,1849
hocks,1850
hoisin,1851
holland,1852
homemade,1853
hominy,1854
homogenized,1855
honey,1856
honeydew,1857
honeydews,1858
horn,1859
horseradish,1860
hot,1861
huckleberries,1862
hungarian,1863
hunts,1864
hydrogenated,1865
hyssop,1866
ice,1867
iceberg,1868
icing,1869
idaho,1870
imitation,1871
impastata,1872
imported,1873
inch,1874
infused,1875
instant,1876
invert,1877
iodized,1878
iquest,1879
irish,1880
isolate,1881
israeli,1882
italian,1883
jack,1884
jaggery,1885
jalapeno,1886
jalapenos,1887
jam,1888
jamaican,1889
jambalaya,1890
jamon,1891
jarlsberg,1892
jasmine,1893
jeera,1894
jellied,1895
jelly,1896
jicama,1897
joint,1898
joints,1899
jonagold,1900
jonathan,1901
jowl,1902
juice,1903
jujubes,1904
jumbo,1905
kaffir,1906
kala,1907
kalamata,1908
kale,1909
kamaboko,1910
karela,1911
kasha,1912
kashk,1913
kashmiri,1914
kasseri,1915
kasuri,1916
kern,1917
kernel,1918
kernels,1919
ketchup,1920
ketjap,1921
kewra,1922
key,1923
kidney,1924
kielbasa,1925
king,1926
kipfler,1927
kirby,1928
kirsch,1929
kiwi,1930
knuckles,1931
kohlrabi,1932
kosher,1933
kremelta,1934
kudzu,1935
kumara,1936
kumquat,1937
kumquats,1938
kurant,1939
lactose,1940
lady,1941
ladyfinger,1942
ladyfingers,1943
lager,1944
lamb,1945
lancashire,1946
lardons,1947
large,1948
lasagna,1949
lavender,1950
leaf,1951
lean,1952
leave,1953
leaves,1954
lebanese,1955
leche,1956
lecithin,1957
leek,1958
leeks,1959
leg,1960
legs,1961
leicester,1962
lemon,1963
lemongrass,1964
lemons,1965
lentil,1966
lentils,1967
lettuce,1968
lettuces,1969
light,1970
lily,1971
lima,1972
lime,1973
limeade,1974
limes,1975
linguine,1976
link,1977
links,1978
linseed,1979
liqueur,1980
liquid,1981
liquor,1982
litchis,1983
lite,1984
littleneck,1985
live,1986
liver,1987
livers,1988
lobster,1989
lobsters,1990
local,1991
loin,1992
london,1993
long,1994
longans,1995
loquats,1996
lotus,1997
lovage,1998
low,1999
lowfat,2000
lox,2001
lump,2002
lumpia,2003
lychee,2004
lychees,2005
macaroni,2006
mace,2007
machine,2008
mackerel,2009
made,2010
madeira,2011
mafalda,2012
mahi,2013
mahleb,2014
malt,2015
manchego,2016
mandarin,2017
mange,2018
mango,2019
mangoes,2020
manila,2021
manioc,2022
manis,2023
maple,2024
maraschino,2025
marbled,2026
margarine,2027
marinated,2028
marjoram,2029
marmalade,2030
marrow,2031
marrows,2032
marsala,2033
marshmallow,2034
marshmallows,2035
marzano,2036
marzipan,2037
masa,2038
masago,2039
masala,2040
mascarpone,2041
mashed,2042
matzo,2043
mayonnaise,2044
maytag,2045
mcintosh,2046
meal,2047
meat,2048
meatballs,2049
meatless,2050
meats,2051
medium,2052
melon,2053
melons,2054
menthe,2055
mesclun,2056
mesquite,2057
metaxa,2058
methi,2059
mettwurst,2060
mexican,2061
meyer,2062
mild,2063
milk,2064
mill,2065
mimolette,2066
mince,2067
minced,2068
mincemeat,2069
mineral,2070
mini,2071
miniature,2072
miniatures,2073
mint,2074
minute,2075
mirepoix,2076
mirin,2077
mirliton,2078
mirlitons,2079
miso,2080
mission,2081
mix,2082
mixed,2083
mizuna,2084
mocha,2085
moist,2086
moisture,2087
molasses,2088
monosodium,2089
montasio,2090
monterey,2091
morel,2092
morels,2093
mortadella,2094
morton,2095
moss,2096
mostaccioli,2097
mozzarella,2098
msg,2099
muenster,2100
muesli,2101
muffin,2102
muffins,2103
mugwort,2104
mung,2105
muscovado,2106
mushroom,2107
mushrooms,2108
muskmelon,2109
mussels,2110
mustard,2111
naartjie,2112
nacho,2113
nam,2114
namak,2115
nanami,2116
napa,2117
nasturtium,2118
navel,2119
navy,2120
neck,2121
necks,2122
nectar,2123
nectarine,2124
nectarines,2125
needles,2126
new,2127
niblet,2128
niblets,2129
nicoise,2130
nigella,2131
non,2132
nonfat,2133
noodle,2134
noodles,2135
nopal,2136
nopales,2137
nopalitos,2138
nori,2139
northern,2140
nugget,2141
nuggets,2142
nuoc,2143
nut,2144
nutmeg,2145
nutmegs,2146
nutritional,2147
nuts,2148
oatmeal,2149
oats,2150
ocean,2151
oedang,2152
oelek,2153
oil,2154
okra,2155
old,2156
oleo,2157
olive,2158
olives,2159
onion,2160
onions,2161
opal,2162
orange,2163
oranges,2164
orecchiette,2165
oregano,2166
organic,2167
orgeat,2168
oriental,2169
orzo,2170
other,2171
oven,2172
oyster,2173
pack,2174
packed,2175
paese,2176
pak,2177
pale,2178
palm,2179
panang,2180
pancetta,2181
pandan,2182
paneer,2183
panir,2184
panko,2185
papaya,2186
papayas,2187
paper,2188
pappardelle,2189
paprika,2190
paradise,2191
parboiled,2192
parchment,2193
parma,2194
parmesan,2195
parmigiano,2196
parsley,2197
parsnip,2198
parsnips,2199
part,2200
partridge,2201
partridges,2202
parts,2203
passion,2204
passionfruit,2205
pasta,2206
pastas,2207
paste,2208
pastis,2209
pastry,2210
patna,2211
patties,2212
patty,2213
pawpaw,2214
pea,2215
peach,2216
peanut,2217
peanuts,2218
pear,2219
pearl,2220
pearls,2221
pears,2222
peas,2223
pecan,2224
pecans,2225
pecorino,2226
peel,2227
peep,2228
peeps,2229
peg,2230
peking,2231
penne,2232
pepato,2233
pepe,2234
peppadew,2235
peppar,2236
pepper,2237
peppercorn,2238
peppercorns,2239
peppermint,2240
pepperoni,2241
peppers,2242
pequins,2243
perch,2244
peri,2245
persimmons,2246
pesto,2247
petals,2248
pheasant,2249
pheasants,2250
phyllo,2251
picante,2252
pickerel,2253
pickle,2254
pickled,2255
pickles,2256
pickling,2257
pico,2258
pie,2259
piece,2260
pieces,2261
pierogi,2262
pierogies,2263
pies,2264
pignoli,2265
pignolis,2266
pike,2267
pilaf,2268
piloncillo,2269
pimento,2270
pimentos,2271
pimiento,2272
pimientos,2273
pine,2274
pineapple,2275
pinhead,2276
pink,2277
pinto,2278
pippin,2279
piri,2280
pista,2281
pistachio,2282
pistachios,2283
pitted,2284
pizza,2285
pla,2286
plain,2287
plantain,2288
plantains,2289
plum,2290
plums,2291
pluots,2292
poblano,2293
pockets,2294
pod,2295
pods,2296
polenta,2297
polish,2298
polska,2299
polyunsaturated,2300
pomegranate,2301
pomegranates,2302
pomelo,2303
ponzu,2304
poppy,2305
porcini,2306
pork,2307
porque,2308
porridge,2309
port,2310
portabella,2311
portions,2312
pot,2313
potato,2314
potatoes,2315
poultry,2316
pouring,2317
powder,2318
powdered,2319
praline,2320
pre,2321
premade,2322
prepared,2323
preserved,2324
preserves,2325
prickly,2326
process,2327
processed,2328
product,2329
proof,2330
prosciutto,2331
protein,2332
provolone,2333
prune,2334
prunes,2335
pub,2336
pudding,2337
puff,2338
pulp,2339
pumpkin,2340
pure,2341
puree,2342
pureed,2343
purple,2344
purpose,2345
purslane,2346
quahog,2347
quahogs,2348
quail,2349
queen,2350
queso,2351
quick,2352
quince,2353
quinces,2354
quinoa,2355
quorn,2356
quot,2357
raab,2358
rabbit,2359
rabe,2360
rack,2361
racks,2362
raclette,2363
radiatore,2364
radicchio,2365
radish,2366
radishes,2367
rainbow,2368
raisin,2369
raising,2370
raisins,2371
rajma,2372
ranch,2373
ranchero,2374
rapini,2375
rarebit,2376
ras,2377
raspberries,2378
raspberry,2379
rava,2380
raw,2381
ready,2382
real,2383
recaito,2384
recipe,2385
red,2386
reduced,2387
refined,2388
refried,2389
refrigerated,2390
reg,2391
reggiano,2392
regular,2393
remoulade,2394
replacer,2395
reserved,2396
rhubarb,2397
rib,2398
ribs,2399
rice,2400
rich,2401
ricotta,2402
riesling,2403
rigati,2404
rigatoni,2405
rind,2406
rindless,2407
ring,2408
rings,2409
ripe,2410
rise,2411
rising,2412
risotto,2413
road,2414
roast,2415
roasted,2416
roasting,2417
robiola,2418
rock,2419
rocket,2420
rocky,2421
roe,2422
roll,2423
rolled,2424
roma,2425
romaine,2426
romano,2427
rome,2428
romulo,2429
root,2430
roquefort,2431
rosamarina,2432
rose,2433
rosemary,2434
rotel,2435
rotelle,2436
rotini,2437
round,2438
royal,2439
rubbed,2440
ruby,2441
rucola,2442
rum,2443
rump,2444
rusk,2445
rusks,2446
russet,2447
saffron,2448
saga,2449
sage,2450
sago,2451
sake,2452
salad,2453
salami,2454
salata,2455
salmon,2456
salsa,2457
salsify,2458
salt,2459
salted,2460
sambal,2461
san,2462
sandwiches,2463
sansho,2464
sardine,2465
saronno,2466
sashimi,2467
satay,2468
satsuma,2469
sauce,2470
sauerkraut,2471
sausage,2472
sausages,2473
savoiardi,2474
savory,2475
savoy,2476
sazon,2477
scallion,2478
scallions,2479
scallop,2480
scalloped,2481
scallopini,2482
scallops,2483
scamorza,2484
scape,2485
scapes,2486
schnitzel,2487
scotch,2488
scrambler,2489
screwpine,2490
scungilli,2491
sea,2492
season,2493
seasoned,2494
seasoning,2495
seasonings,2496
sec,2497
section,2498
sections,2499
seed,2500
seedless,2501
seeds,2502
segment,2503
segments,2504
seitan,2505
sel,2506
self,2507
seltzer,2508
semi,2509
semisweet,2510
semolina,2511
serrano,2512
serve,2513
sesame,2514
seville,2515
shallot,2516
shallots,2517
shank,2518
shanks,2519
shaped,2520
shapes,2521
sharp,2522
sheet,2523
sheets,2524
shell,2525
shelled,2526
shells,2527
sherry,2528
shichimi,2529
shiitake,2530
shin,2531
shiro,2532
shitake,2533
shoe,2534
shoepeg,2535
shoestring,2536
shoot,2537
shoots,2538
short,2539
shortening,2540
shoulder,2541
shredded,2542
shrimp,2543
sichuan,2544
side,2545
silken,2546
silver,2547
silverside,2548
single,2549
sirloin,2550
size,2551
skim,2552
skinless,2553
skinned,2554
skins,2555
slab,2556
slaw,2557
slice,2558
sliced,2559
slices,2560
slim,2561
small,2562
smelt,2563
smith,2564
smoke,2565
smoked,2566
smooth,2567
snacks,2568
snap,2569
snapper,2570
snoek,2571
snow,2572
sockeye,2573
soda,2574
sodium,2575
soft,2576
soho,2577
sole,2578
solid,2579
solids,2580
sorghum,2581
sorrel,2582
souffle,2583
soup,2584
sour,2585
sourdough,2586
southern,2587
soy,2588
soya,2589
soyabean,2590
soybeans,2591
soymilk,2592
spaetzle,2593
spaghetti,2594
sparkling,2595
spear,2596
spearmint,2597
spears,2598
speck,2599
spice,2600
spiced,2601
spicy,2602
spinach,2603
spiral,2604
split,2605
sponge,2606
spray,2607
spread,2608
spreadable,2609
sprig,2610
sprigs,2611
spring,2612
sprout,2613
sprouts,2614
square,2615
squares,2616
squash,2617
squid,2618
sriracha,2619
star,2620
starch,2621
steak,2622
steaks,2623
steamed,2624
steamer,2625
steel,2626
steelhead,2627
stem,2628
stems,2629
stevia,2630
stew,2631
stewed,2632
stewing,2633
stick,2634
sticks,2635
sticky,2636
stock,2637
stone,2638
stout,2639
stove,2640
strand,2641
strands,2642
strawberries,2643
strawberry,2644
streaky,2645
strength,2646
string,2647
strip,2648
strips,2649
strong,2650
stuffed,2651
stuffing,2652
style,2653
substitute,2654
succotash,2655
suet,2656
sugar,2657
sultana,2658
sultanas,2659
sum,2660
sumac,2661
sumaq,2662
summer,2663
sun,2664
sunflower,2665
sushi,2666
swede,2667
swedes,2668
sweet,2669
sweetbreads,2670
sweetcorn,2671
sweetened,2672
sweetener,2673
swirl,2674
swiss,2675
swordfish,2676
syrup,2677
szechuan,2678
szechwan,2679
table,2680
taco,2681
tagliatelle,2682
tahini,2683
tail,2684
tails,2685
taleggio,2686
tamari,2687
tamarillos,2688
tamarind,2689
tandoori,2690
tangelo,2691
tangerine,2692
tangerines,2693
tap,2694
tapioca,2695
tarragon,2696
tart,2697
tartar,2698
tasso,2699
tatsoi,2700
tea,2701
teabags,2702
teff,2703
tel,2704
tempeh,2705
tender,2706
tenderloin,2707
tenderloins,2708
tenders,2709
tendrils,2710
teriyaki,2711
than,2712
the,2713
thick,2714
thigh,2715
thighs,2716
thin,2717
thompson,2718
thread,2719
threads,2720
thyme,2721
tidbits,2722
tie,2723
tiger,2724
tiny,2725
tip,2726
toasted,2727
toffee,2728
tofu,2729
tofutti,2730
togarashi,2731
tomatillo,2732
tomato,2733
tomatoe,2734
tomatoes,2735
tonic,2736
top,2737
topping,2738
tops,2739
topside,2740
tortellini,2741
tortilla,2742
tortillas,2743
tout,2744
touts,2745
tragacanth,2746
trassi,2747
treacle,2748
tri,2749
tripe,2750
triple,2751
trout,2752
truffle,2753
truffles,2754
tubetti,2755
tubettini,2756
tubular,2757
tuna,2758
turbinado,2759
turkey,2760
turkeys,2761
turmeric,2762
turnip,2763
turnips,2764
twist,2765
twists,2766
type,2767
types,2768
udon,2769
umeboshi,2770
unbleached,2771
unflavored,2772
unpeeled,2773
unsalted,2774
unsifted,2775
unsmoked,2776
unsulphured,2777
unsweetened,2778
valencia,2779
vanilla,2780
veal,2781
vegan,2782
vegan_cheese,2783
vegemite,2784
vegetable,2785
vegetarian,2786
venison,2787
verde,2788
vermicelli,2789
vermouth,2790
very,2791
viande,2792
vie,2793
vindaloo,2794
vinegar,2795
vital,2796
vodka,2797
wafers,2798
waffle,2799
walnut,2800
walnuts,2801
warm,2802
wasabi,2803
water,2804
watercress,2805
watermelon,2806
wattleseed,2807
wax,2808
wedge,2809
wedges,2810
weed,2811
weisswurst,2812
wensleydale,2813
wheat,2814
whip,2815
whipped,2816
whipping,2817
whiskey,2818
white,2819
whiting,2820
whole,2821
wieners,2822
wild,2823
wildflower,2824
wine,2825
winesap,2826
wings,2827
winter,2828
with,2829
without,2830
wonton,2831
wontons,2832
worcestershire,2833
wrapper,2834
wrappers,2835
xanthan,2836
yabbies,2837
yeast,2838
yellow,2839
yellowfin,2840
yogurt,2841
yolks,2842
young,2843
yucca,2844
yukon,2845
zatarain,2846
zest,2847
zinfandel,2848
ziti,2849
zucchini,2850
